UNIQUE ID,LOCAL AUTHORITY AREA,LOCAL AUTHORITY WARD,COALITION/PARTY/VOTE CATEGORY,CANDIDATE NAME,CANDIDATE SEX,CANDIDATE AGE,VOTES,STATUS,UNCONTESTED VICTORY,NOMINATION DATE,POLLING DATE
1962JTB1,JESSELTON TOWN BOARD,JESSELTON TOWN,SAP,PANG TET TSHUNG,MALE,39,,WON,Y,26 NOV 1962,UNCONTESTED
1962JTB2,JESSELTON TOWN BOARD,LIKAS,SAP,LAI EN KONG,,,,WON,Y,26 NOV 1962,UNCONTESTED
1962JTB3,JESSELTON TOWN BOARD,BUKIT PADANG,SAP,JOHN VOON YIN KUI,MALE,,,WON,Y,26 NOV 1962,UNCONTESTED
1962JTB4,JESSELTON TOWN BOARD,RAILWAY,SAP,DONALD A. STEPHENS,MALE,42,,WON,Y,26 NOV 1962,UNCONTESTED
1962JTB5,JESSELTON TOWN BOARD,KAMPONG AYER,SAP,LEE VUI MUN,MALE,,,WON,Y,26 NOV 1962,UNCONTESTED
1962JTB6,JESSELTON TOWN BOARD,KAMPONG SEMBULAN,SAP,ABDUL MOMEN BIN HAJI KALA KHAN,MALE,,,WON,Y,26 NOV 1962,UNCONTESTED
1962JTB7,JESSELTON TOWN BOARD,AERODROME,SAP,PETER YEW MIN SANG,MALE,,,WON,Y,26 NOV 1962,UNCONTESTED
1962JTB8,JESSELTON TOWN BOARD,TANJONG ARU,USNO,HARRIS BIN MOHAMED SALLEH,MALE,32,525,WON,,26 NOV 1962,16 DEC 1962
1962JTB9,JESSELTON TOWN BOARD,TANJONG ARU,SAP,CHEUK MING TO,MALE,,512,LOST,,26 NOV 1962,16 DEC 1962
1962JTB10,JESSELTON TOWN BOARD,TANJONG ARU,SPOILT BALLOT PAPERS,,,,8,,,26 NOV 1962,16 DEC 1962
1962JTB11,JESSELTON TOWN BOARD,TANJONG ARU,TOTAL BALLOTS ISSUED,,,,1045,,,26 NOV 1962,16 DEC 1962
1962JTB12,JESSELTON TOWN BOARD,TANJONG ARU,TOTAL ELECTORATE,,,,1284,,,26 NOV 1962,16 DEC 1962
1962JTB13,JESSELTON TOWN BOARD,TANJONG ARU,TURNOUT (%),,,,80.8,,,26 NOV 1962,16 DEC 1962
1962STB1,SANDAKAN TOWN BOARD,MAN WOO-BEATRICE,SAP,NGUI AH KUI,,,909,WON,,26 NOV 1962,16 DEC 1962
1962STB2,SANDAKAN TOWN BOARD,MAN WOO-BEATRICE,INDEPENDENT,NG PENG KONG,,,56,LOST,,26 NOV 1962,16 DEC 1962
1962STB3,SANDAKAN TOWN BOARD,MAN WOO-BEATRICE,SPOILT BALLOT PAPERS,,,,0,,,26 NOV 1962,16 DEC 1962
1962STB4,SANDAKAN TOWN BOARD,MAN WOO-BEATRICE,TOTAL BALLOTS ISSUED,,,,965,,,26 NOV 1962,16 DEC 1962
1962STB5,SANDAKAN TOWN BOARD,MAN WOO-BEATRICE,TOTAL ELECTORATE,,,,1281,,,26 NOV 1962,16 DEC 1962
1962STB6,SANDAKAN TOWN BOARD,MAN WOO-BEATRICE,TURNOUT (%),,,,75.9,,,26 NOV 1962,16 DEC 1962
1962STB7,SANDAKAN TOWN BOARD,MELANTAH-SEBUGA NORTH,SAP,FRANCIS HO NYEN CHUNG,MALE,,882,WON,,26 NOV 1962,16 DEC 1962
1962STB8,SANDAKAN TOWN BOARD,MELANTAH-SEBUGA NORTH,INDEPENDENT,PHILIP PANG AH CHOI,MALE,,418,LOST,,26 NOV 1962,16 DEC 1962
1962STB9,SANDAKAN TOWN BOARD,MELANTAH-SEBUGA NORTH,SPOILT BALLOT PAPERS,,,,30,,,26 NOV 1962,16 DEC 1962
1962STB10,SANDAKAN TOWN BOARD,MELANTAH-SEBUGA NORTH,TOTAL BALLOTS ISSUED,,,,1330,,,26 NOV 1962,16 DEC 1962
1962STB11,SANDAKAN TOWN BOARD,MELANTAH-SEBUGA NORTH,TOTAL ELECTORATE,,,,1583,,,26 NOV 1962,16 DEC 1962
1962STB12,SANDAKAN TOWN BOARD,MELANTAH-SEBUGA NORTH,TURNOUT (%),,,,84,,,26 NOV 1962,16 DEC 1962
1962STB13,SANDAKAN TOWN BOARD,ROBERTSON-TRIG HILL,BUNAP,YAP PAK LEONG,MALE,27,,WON,Y,26 NOV 1962,UNCONTESTED
1962STB14,SANDAKAN TOWN BOARD,HAPPY VALLEY-KAMPONG GELAM,BUNAP,TAN TZE SHU,MALE,,,WON,Y,26 NOV 1962,UNCONTESTED
1962STB15,SANDAKAN TOWN BOARD,CENTRAL-SIM SIM,SAP,KHOO SIAK CHIEW,MALE,43,2526,WON,,26 NOV 1962,16 DEC 1962
1962STB16,SANDAKAN TOWN BOARD,CENTRAL-SIM SIM,INDEPENDENT,HENRY WEE CHONG HIN,MALE,,717,LOST,,26 NOV 1962,16 DEC 1962
1962STB17,SANDAKAN TOWN BOARD,CENTRAL-SIM SIM,SPOILT BALLOT PAPERS,,,,62,LOST,,26 NOV 1962,16 DEC 1962
1962STB18,SANDAKAN TOWN BOARD,CENTRAL-SIM SIM,TOTAL BALLOTS ISSUED,,,,3305,,,26 NOV 1962,16 DEC 1962
1962STB19,SANDAKAN TOWN BOARD,CENTRAL-SIM SIM,TOTAL ELECTORATE,,,,,,,26 NOV 1962,16 DEC 1962
1962STB20,SANDAKAN TOWN BOARD,CENTRAL-SIM SIM,TURNOUT (%),,,,,,,26 NOV 1962,16 DEC 1962
1962STB21,SANDAKAN TOWN BOARD,CECILY-MEKARAH,SAP,KWAN YUI MING,,,1026,WON,,26 NOV 1962,16 DEC 1962
1962STB22,SANDAKAN TOWN BOARD,CECILY-MEKARAH,INDEPENDENT,JOSEPH PANG AH YU,MALE,,532,LOST,,26 NOV 1962,16 DEC 1962
1962STB23,SANDAKAN TOWN BOARD,CECILY-MEKARAH,SPOILT BALLOT PAPERS,,,,36,,,26 NOV 1962,16 DEC 1962
1962STB24,SANDAKAN TOWN BOARD,CECILY-MEKARAH,TOTAL BALLOTS ISSUED,,,,1596,,,26 NOV 1962,16 DEC 1962
1962STB25,SANDAKAN TOWN BOARD,CECILY-MEKARAH,TOTAL ELECTORATE,,,,,,,26 NOV 1962,16 DEC 1962
1962STB26,SANDAKAN TOWN BOARD,CECILY-MEKARAH,TURNOUT (%),,,,,,,26 NOV 1962,16 DEC 1962
1962STB27,SANDAKAN TOWN BOARD,BATU SAPI-BOKARA,USNO,ZULKIFLI HAJI MAHMUD,MALE,,922,WON,,26 NOV 1962,16 DEC 1962
1962STB28,SANDAKAN TOWN BOARD,BATU SAPI-BOKARA,INDEPENDENT,YEE LOI FOOK,,,195,LOST,,26 NOV 1962,16 DEC 1962
1962STB29,SANDAKAN TOWN BOARD,BATU SAPI-BOKARA,INDEPENDENT,HABIB OMAR ALSAGAFF,MALE,,108,LOST,,26 NOV 1962,16 DEC 1962
1962STB30,SANDAKAN TOWN BOARD,BATU SAPI-BOKARA,INDEPENDENT,C.A.V. LINGAM,,,8,LOST,,26 NOV 1962,16 DEC 1962
1962STB31,SANDAKAN TOWN BOARD,BATU SAPI-BOKARA,SPOILT BALLOT PAPERS,,,,26,,,26 NOV 1962,16 DEC 1962
1962STB32,SANDAKAN TOWN BOARD,BATU SAPI-BOKARA,TOTAL BALLOTS ISSUED,,,,1259,,,26 NOV 1962,16 DEC 1962
1962STB33,SANDAKAN TOWN BOARD,BATU SAPI-BOKARA,TOTAL ELECTORATE,,,,,,,26 NOV 1962,16 DEC 1962
1962STB34,SANDAKAN TOWN BOARD,BATU SAPI-BOKARA,TURNOUT (%),,,,,,,26 NOV 1962,16 DEC 1962
1962LTB1,LABUAN TOWN BOARD,BENUWA,SAP,ABDUL KADIR BIN BAIR,MALE,,497,WON,,26 NOV 1962,16 DEC 1962
1962LTB2,LABUAN TOWN BOARD,BENUWA,INDEPENDENT,JAJI HASSAN BIN WAHAP,MALE,,257,LOST,,26 NOV 1962,16 DEC 1962
1962LTB3,LABUAN TOWN BOARD,BENUWA,INDEPENDENT,HASKAM BIN HAJI BAKRI,MALE,,11,LOST,,26 NOV 1962,16 DEC 1962
1962LTB4,LABUAN TOWN BOARD,BENUWA,SPOILT BALLOT PAPERS,,,,,,,26 NOV 1962,16 DEC 1962
1962LTB5,LABUAN TOWN BOARD,BENUWA,TOTAL BALLOTS ISSUED,,,,,,,26 NOV 1962,16 DEC 1962
1962LTB6,LABUAN TOWN BOARD,BENUWA,TOTAL ELECTORATE,,,,,,,26 NOV 1962,16 DEC 1962
1962LTB7,LABUAN TOWN BOARD,BENUWA,TURNOUT (%),,,,,,,26 NOV 1962,16 DEC 1962
1962LTB8,LABUAN TOWN BOARD,LADA,SAP,CHONG ANG KHOI,MALE,,412,WON,,26 NOV 1962,16 DEC 1962
1962LTB9,LABUAN TOWN BOARD,LADA,INDEPENDENT,GORBUX SINGH,MALE,,36,LOST,,26 NOV 1962,16 DEC 1962
1962LTB10,LABUAN TOWN BOARD,LADA,SPOILT BALLOT PAPERS,,,,,,,26 NOV 1962,16 DEC 1962
1962LTB11,LABUAN TOWN BOARD,LADA,TOTAL BALLOTS ISSUED,,,,,,,26 NOV 1962,16 DEC 1962
1962LTB12,LABUAN TOWN BOARD,LADA,TOTAL ELECTORATE,,,,,,,26 NOV 1962,16 DEC 1962
1962LTB13,LABUAN TOWN BOARD,LADA,TURNOUT (%),,,,,,,26 NOV 1962,16 DEC 1962
1962LTB14,LABUAN TOWN BOARD,LAYANGAN,SAP,ABDULLAH BIN ANSON,MALE,,358,WON,,26 NOV 1962,16 DEC 1962
1962LTB15,LABUAN TOWN BOARD,LAYANGAN,INDEPENDENT,MICHAEL KONG SU CHEN,MALE,,37,LOST,,26 NOV 1962,16 DEC 1962
1962LTB16,LABUAN TOWN BOARD,LAYANGAN,SPOILT BALLOT PAPERS,,,,,,,26 NOV 1962,16 DEC 1962
1962LTB17,LABUAN TOWN BOARD,LAYANGAN,TOTAL BALLOTS ISSUED,,,,,,,26 NOV 1962,16 DEC 1962
1962LTB18,LABUAN TOWN BOARD,LAYANGAN,TOTAL ELECTORATE,,,,,,,26 NOV 1962,16 DEC 1962
1962LTB19,LABUAN TOWN BOARD,LAYANGAN,TURNOUT (%),,,,,,,26 NOV 1962,16 DEC 1962
1962LTB20,LABUAN TOWN BOARD,KUBONG,SAP,SUHAILI BIN ISRAIL,MALE,,213,WON,,26 NOV 1962,16 DEC 1962
1962LTB21,LABUAN TOWN BOARD,KUBONG,INDEPENDENT,KOH KIAM POH,MALE,,73,LOST,,26 NOV 1962,16 DEC 1962
1962LTB22,LABUAN TOWN BOARD,KUBONG,SPOILT BALLOT PAPERS,,,,,,,26 NOV 1962,16 DEC 1962
1962LTB23,LABUAN TOWN BOARD,KUBONG,TOTAL BALLOTS ISSUED,,,,,,,26 NOV 1962,16 DEC 1962
1962LTB24,LABUAN TOWN BOARD,KUBONG,TOTAL ELECTORATE,,,,,,,26 NOV 1962,16 DEC 1962
1962LTB25,LABUAN TOWN BOARD,KUBONG,TURNOUT (%),,,,,,,26 NOV 1962,16 DEC 1962
1962LTB26,LABUAN TOWN BOARD,LAJAU,SAP,HAJI ALI BIN GREEN,MALE,,216,WON,,26 NOV 1962,16 DEC 1962
1962LTB27,LABUAN TOWN BOARD,LAJAU,INDEPENDENT,SIMON CHUNG THEIN MIN,MALE,,90,LOST,,26 NOV 1962,16 DEC 1962
1962LTB28,LABUAN TOWN BOARD,LAJAU,INDEPENDENT,MAHMUD BIN AHMAD,MALE,,81,LOST,,26 NOV 1962,16 DEC 1962
1962LTB29,LABUAN TOWN BOARD,LAJAU,SPOILT BALLOT PAPERS,,,,2,,,26 NOV 1962,16 DEC 1962
1962LTB30,LABUAN TOWN BOARD,LAJAU,TOTAL BALLOTS ISSUED,,,,389,,,26 NOV 1962,16 DEC 1962
1962LTB31,LABUAN TOWN BOARD,LAJAU,TOTAL ELECTORATE,,,,489,,,26 NOV 1962,16 DEC 1962
1962LTB32,LABUAN TOWN BOARD,LAJAU,TURNOUT (%),,,,79.3,,,26 NOV 1962,16 DEC 1962
1962LTB33,LABUAN TOWN BOARD,AERODROME,SAP,CHARLIE YONG NYUK KUI,MALE,,,WON,Y,26 NOV 1962,UNCONTESTED
1962LTB34,LABUAN TOWN BOARD,RAMSAY,INDEPENDENT,NG AH KIEW,,,181,WON,,26 NOV 1962,16 DEC 1962
1962LTB35,LABUAN TOWN BOARD,RAMSAY,SAP,JOSEPH MATHEW ELIAS DAUT,MALE,,107,LOST,,26 NOV 1962,16 DEC 1962
1962LTB36,LABUAN TOWN BOARD,RAMSAY,SPOILT BALLOT PAPERS,,,,14,,,26 NOV 1962,16 DEC 1962
1962LTB37,LABUAN TOWN BOARD,RAMSAY,TOTAL BALLOTS ISSUED,,,,302,,,26 NOV 1962,16 DEC 1962
1962LTB38,LABUAN TOWN BOARD,RAMSAY,TOTAL ELECTORATE,,,,413,,,26 NOV 1962,16 DEC 1962
1962LTB39,LABUAN TOWN BOARD,RAMSAY,TURNOUT (%),,,,69.8,,,26 NOV 1962,16 DEC 1962
1962LTB40,LABUAN TOWN BOARD,VICTORIA,SAP,BERNARD LEONG THEIN PUI,MALE,,664,WON,,26 NOV 1962,16 DEC 1962
1962LTB41,LABUAN TOWN BOARD,VICTORIA,INDEPENDENT,LUCAS KONG THIAM SINN,MALE,,209,LOST,,26 NOV 1962,16 DEC 1962
1962LTB42,LABUAN TOWN BOARD,VICTORIA,SPOILT BALLOT PAPERS,,,,34,,,26 NOV 1962,16 DEC 1962
1962LTB43,LABUAN TOWN BOARD,VICTORIA,TOTAL BALLOTS ISSUED,,,,907,,,26 NOV 1962,16 DEC 1962
1962LTB44,LABUAN TOWN BOARD,VICTORIA,TOTAL ELECTORATE,,,,1159,,,26 NOV 1962,16 DEC 1962
1962LTB45,LABUAN TOWN BOARD,VICTORIA,TURNOUT (%),,,,75.3,,,26 NOV 1962,16 DEC 1962
1962TTB1,TAWAU TOWN BOARD,TAWAU LAMA,SAP,SIM POH TECK,MALE,,,WON,Y,26 NOV 1962,UNCONTESTED
1962TTB2,TAWAU TOWN BOARD,AIRFIELD,SAP,RICHARD TAI NYUK FOH,MALE,,,WON,Y,26 NOV 1962,UNCONTESTED
1962TTB3,TAWAU TOWN BOARD,SIN ON,SAP,TAI YAU KHIUN,MALE,,,WON,Y,26 NOV 1962,UNCONTESTED
1962TTB4,TAWAU TOWN BOARD,KUBOTA,SAP,LIM PITT YIM,MALE,,,WON,Y,26 NOV 1962,UNCONTESTED
1962TTB5,TAWAU TOWN BOARD,APAS LAUT,SAP,ABDUL KARIM BIN HAJI RAHMAN,MALE,,,WON,Y,26 NOV 1962,UNCONTESTED
1962TTB6,TAWAU TOWN BOARD,SUNGEI,SAP,EDWIN CHAN FOO SANG,MALE,,,WON,Y,26 NOV 1962,UNCONTESTED
1962TTB7,TAWAU TOWN BOARD,TANJONG,SAP,ANTHONY CHAN CHOON SANG,MALE,,,WON,Y,26 NOV 1962,UNCONTESTED
1962KUDC1,KUDAT DISTRICT COUNCIL,KUDAT TOWNSHIP,SAP,DATU MUSTAPHA BIN DATU HARUN,MALE,44,946,WON,,26 NOV 1962,16 DEC 1962
1962KUDC2,KUDAT DISTRICT COUNCIL,KUDAT TOWNSHIP,INDEPENDENT,LEE ON YIN,MALE,,52,LOST,,26 NOV 1962,16 DEC 1962
1962KUDC3,KUDAT DISTRICT COUNCIL,KUDAT TOWNSHIP,SPOILT BALLOT PAPERS,,,,22,,,26 NOV 1962,16 DEC 1962
1962KUDC4,KUDAT DISTRICT COUNCIL,KUDAT TOWNSHIP,TOTAL BALLOTS ISSUED,,,,1020,,,26 NOV 1962,16 DEC 1962
1962KUDC5,KUDAT DISTRICT COUNCIL,KUDAT TOWNSHIP,TOTAL ELECTORATE,,,,1553,,,26 NOV 1962,16 DEC 1962
1962KUDC6,KUDAT DISTRICT COUNCIL,KUDAT TOWNSHIP,TURNOUT (%),,,,64.2,,,26 NOV 1962,16 DEC 1962
1962KUDC7,KUDAT DISTRICT COUNCIL,KUDAT NORTH,SAP,WONG LOK KHIAM,,,,WON,Y,26 NOV 1962,UNCONTESTED
1962KUDC8,KUDAT DISTRICT COUNCIL,KUDAT SOUTH,UNKO,ANGKANGON BIN MOGUPIS,MALE,,1043,WON,,26 NOV 1962,16 DEC 1962
1962KUDC9,KUDAT DISTRICT COUNCIL,KUDAT SOUTH,SAP,NG BOON LOI,,,968,LOST,,26 NOV 1962,16 DEC 1962
1962KUDC10,KUDAT DISTRICT COUNCIL,KUDAT SOUTH,SPOILT BALLOT PAPERS,,,,34,,,26 NOV 1962,16 DEC 1962
1962KUDC11,KUDAT DISTRICT COUNCIL,KUDAT SOUTH,TOTAL BALLOTS ISSUED,,,,2045,,,26 NOV 1962,16 DEC 1962
1962KUDC12,KUDAT DISTRICT COUNCIL,KUDAT SOUTH,TOTAL ELECTORATE,,,,2384,,,26 NOV 1962,16 DEC 1962
1962KUDC13,KUDAT DISTRICT COUNCIL,KUDAT SOUTH,TURNOUT (%),,,,84.4,,,26 NOV 1962,16 DEC 1962
1962KUDC14,KUDAT DISTRICT COUNCIL,MATUNGGONG,UNKO,MONDORUSUN MASAMBIT,,,1490,WON,,26 NOV 1962,16 DEC 1962
1962KUDC15,KUDAT DISTRICT COUNCIL,MATUNGGONG,PM,HONG CHIN SIEW,,,130,,,26 NOV 1962,16 DEC 1962
1962KUDC16,KUDAT DISTRICT COUNCIL,MATUNGGONG,SPOILT BALLOT PAPERS,,,,59,,,26 NOV 1962,16 DEC 1962
1962KUDC17,KUDAT DISTRICT COUNCIL,MATUNGGONG,TOTAL BALLOTS ISSUED,,,,1679,,,26 NOV 1962,16 DEC 1962
1962KUDC18,KUDAT DISTRICT COUNCIL,MATUNGGONG,TOTAL ELECTORATE,,,,2622,,,26 NOV 1962,16 DEC 1962
1962KUDC19,KUDAT DISTRICT COUNCIL,MATUNGGONG,TURNOUT (%),,,,61.8,,,26 NOV 1962,16 DEC 1962
1962KUDC20,KUDAT DISTRICT COUNCIL,LANGKON,SAP,AWANG ALI BIN OSMAN,MALE,,,WON,Y,26 NOV 1962,UNCONTESTED
1962KUDC21,KUDAT DISTRICT COUNCIL,BANDAU,UNKO,O.T. ASAAN GABAN,MALE,,,WON,Y,26 NOV 1962,UNCONTESTED
1962KUDC22,KUDAT DISTRICT COUNCIL,TANDIK,UNKO,JAMARI BIN PONGGORON,MALE,,1161,WON,,26 NOV 1962,16 DEC 1962
1962KUDC23,KUDAT DISTRICT COUNCIL,TANDIK,PM,SUPU B. SANTIKU,MALE,,322,LOST,,26 NOV 1962,16 DEC 1962
1962KUDC24,KUDAT DISTRICT COUNCIL,TANDIK,SPOILT BALLOT PAPERS,,,,124,,,26 NOV 1962,16 DEC 1962
1962KUDC25,KUDAT DISTRICT COUNCIL,TANDIK,TOTAL BALLOTS ISSUED,,,,1607,,,26 NOV 1962,16 DEC 1962
1962KUDC26,KUDAT DISTRICT COUNCIL,TANDIK,TOTAL ELECTORATE,,,,2058,,,26 NOV 1962,16 DEC 1962
1962KUDC27,KUDAT DISTRICT COUNCIL,TANDIK,TURNOUT (%),,,,72.6,,,26 NOV 1962,16 DEC 1962
1962KUDC28,KUDAT DISTRICT COUNCIL,BENGKOKA EAST,SAP,DATU ALIUDIN BIN DATU HARUN,MALE,,,WON,Y,26 NOV 1962,UNCONTESTED
1962KUDC29,KUDAT DISTRICT COUNCIL,BENGKOKA WEST,,,,,,,,,
1962KUDC30,KUDAT DISTRICT COUNCIL,BENGKOKA NORTH & ISLANDS,SAP,LEE JOON SENG,MALE,,,WON,Y,26 NOV 1962,UNCONTESTED
1962TDC1,TUARAN DISTRICT COUNCIL,TUARAN,USNO,ANING BIN ATAM,MALE,,729,WON,,26 NOV 1962,16 DEC 1962
1962TDC2,TUARAN DISTRICT COUNCIL,TUARAN,UNKO,JOHN WONG JOENOI,MALE,,593,LOST,,26 NOV 1962,16 DEC 1962
1962TDC3,TUARAN DISTRICT COUNCIL,TUARAN,INDEPENDENT,TAN ANN SENG,,,355,LOST,,26 NOV 1962,16 DEC 1962
1962TDC4,TUARAN DISTRICT COUNCIL,TUARAN,SPOILT BALLOT PAPERS,,,,81,,,26 NOV 1962,16 DEC 1962
1962TDC5,TUARAN DISTRICT COUNCIL,TUARAN,TOTAL BALLOTS ISSUED,,,,1758,,,26 NOV 1962,16 DEC 1962
1962TDC6,TUARAN DISTRICT COUNCIL,TUARAN,TOTAL ELECTORATE,,,,2107,,,26 NOV 1962,16 DEC 1962
1962TDC7,TUARAN DISTRICT COUNCIL,TUARAN,TURNOUT (%),,,,79.6,,,26 NOV 1962,16 DEC 1962
1962TDC8,TUARAN DISTRICT COUNCIL,LOMAWANG,SAP,HAJI DAHLAN BIN HARUN,MALE,,1075,WON,,26 NOV 1962,16 DEC 1962
1962TDC9,TUARAN DISTRICT COUNCIL,LOMAWANG,UNKO,DAMIT KUNJAN,,,693,LOST,,26 NOV 1962,16 DEC 1962
1962TDC10,TUARAN DISTRICT COUNCIL,LOMAWANG,INDEPENDENT,MAWAH BIN HAJI LAUGAN,MALE,,298,LOST,,26 NOV 1962,16 DEC 1962
1962TDC11,TUARAN DISTRICT COUNCIL,LOMAWANG,SPOILT BALLOT PAPERS,,,,53,,,26 NOV 1962,16 DEC 1962
1962TDC12,TUARAN DISTRICT COUNCIL,LOMAWANG,TOTAL BALLOTS ISSUED,,,,2119,,,26 NOV 1962,16 DEC 1962
1962TDC13,TUARAN DISTRICT COUNCIL,LOMAWANG,TOTAL ELECTORATE,,,,2332,,,26 NOV 1962,16 DEC 1962
1962TDC14,TUARAN DISTRICT COUNCIL,LOMAWANG,TURNOUT (%),,,,88.6,,,26 NOV 1962,16 DEC 1962
1962TDC15,TUARAN DISTRICT COUNCIL,MENGKABONG,SAP,SHARIF MAIDIN BIN SHARIF ABIDIN,MALE,,,WON,Y,26 NOV 1962,UNCONTESTED
1962TDC16,TUARAN DISTRICT COUNCIL,TENGHILAN,UNKO,BELINGI BIN GUNTING,MALE,,1211,WON,,26 NOV 1962,16 DEC 1962
1962TDC17,TUARAN DISTRICT COUNCIL,TENGHILAN,PM,KOH BAH CHEE,,,162,LOST,,26 NOV 1962,16 DEC 1962
1962TDC18,TUARAN DISTRICT COUNCIL,TENGHILAN,SPOILT BALLOT PAPERS,,,,62,,,26 NOV 1962,16 DEC 1962
1962TDC19,TUARAN DISTRICT COUNCIL,TENGHILAN,TOTAL BALLOTS ISSUED,,,,1435,,,26 NOV 1962,16 DEC 1962
1962TDC20,TUARAN DISTRICT COUNCIL,TENGHILAN,TOTAL ELECTORATE,,,,1942,,,26 NOV 1962,16 DEC 1962
1962TDC21,TUARAN DISTRICT COUNCIL,TENGHILAN,TURNOUT (%),,,,70.7,,,26 NOV 1962,16 DEC 1962
1962TDC22,TUARAN DISTRICT COUNCIL,TAMPARULI,UNKO,NONON BIN ANAD,MALE,,1263,WON,,26 NOV 1962,16 DEC 1962
1962TDC23,TUARAN DISTRICT COUNCIL,TAMPARULI,PM,CHIN AH KAM,,,454,LOST,,26 NOV 1962,16 DEC 1962
1962TDC24,TUARAN DISTRICT COUNCIL,TAMPARULI,INDEPENDENT,CHIN KUI FONG,,,201,,,26 NOV 1962,16 DEC 1962
1962TDC25,TUARAN DISTRICT COUNCIL,TAMPARULI,SPOILT BALLOT PAPERS,,,,65,,,26 NOV 1962,16 DEC 1962
1962TDC26,TUARAN DISTRICT COUNCIL,TAMPARULI,TOTAL BALLOTS ISSUED,,,,1983,,,26 NOV 1962,16 DEC 1962
1962TDC27,TUARAN DISTRICT COUNCIL,TAMPARULI,TOTAL ELECTORATE,,,,2298,,,26 NOV 1962,16 DEC 1962
1962TDC28,TUARAN DISTRICT COUNCIL,TAMPARULI,TURNOUT (%),,,,85.9,,,26 NOV 1962,16 DEC 1962
1962TDC29,TUARAN DISTRICT COUNCIL,RANAU ROAD,UNKO,BUJA GUMBILAI,,,1088,WON,,26 NOV 1962,16 DEC 1962
1962TDC30,TUARAN DISTRICT COUNCIL,RANAU ROAD,PM,LEE SIEW YANG,,,84,LOST,,26 NOV 1962,16 DEC 1962
1962TDC31,TUARAN DISTRICT COUNCIL,RANAU ROAD,SPOILT BALLOT PAPERS,,,,37,,,26 NOV 1962,16 DEC 1962
1962TDC32,TUARAN DISTRICT COUNCIL,RANAU ROAD,TOTAL BALLOTS ISSUED,,,,1209,,,26 NOV 1962,16 DEC 1962
1962TDC33,TUARAN DISTRICT COUNCIL,RANAU ROAD,TOTAL ELECTORATE,,,,1581,,,26 NOV 1962,16 DEC 1962
1962TDC34,TUARAN DISTRICT COUNCIL,RANAU ROAD,TURNOUT (%),,,,74.1,,,26 NOV 1962,16 DEC 1962
1962TDC35,TUARAN DISTRICT COUNCIL,KIULU,UNKO,PAYAR BIN JUMAN,MALE,,941,WON,,26 NOV 1962,16 DEC 1962
1962TDC36,TUARAN DISTRICT COUNCIL,KIULU,PM,GITAS BIN SABANDA,MALE,,197,LOST,,26 NOV 1962,16 DEC 1962
1962TDC37,TUARAN DISTRICT COUNCIL,KIULU,SPOILT BALLOT PAPERS,,,,53,,,26 NOV 1962,16 DEC 1962
1962TDC38,TUARAN DISTRICT COUNCIL,KIULU,TOTAL BALLOTS ISSUED,,,,1191,,,26 NOV 1962,16 DEC 1962
1962TDC39,TUARAN DISTRICT COUNCIL,KIULU,TOTAL ELECTORATE,,,,1369,,,26 NOV 1962,16 DEC 1962
1962TDC40,TUARAN DISTRICT COUNCIL,KIULU,TURNOUT (%),,,,83,,,26 NOV 1962,16 DEC 1962
1962KBDC1,KOTA BELUD DISTRICT COUNCIL,SOROB,SAP,ALING B. PELANG,MALE,,,WON,Y,26 NOV 1962,UNCONTESTED
1962KBDC2,KOTA BELUD DISTRICT COUNCIL,WARIU,SAP,O.T. TAKA B. GINSIRON,MALE,,,WON,Y,26 NOV 1962,UNCONTESTED
1962KBDC3,KOTA BELUD DISTRICT COUNCIL,USUKAN,SAP,ZAMAN B. LASSIN,MALE,,,WON,Y,26 NOV 1962,UNCONTESTED
1962KBDC4,KOTA BELUD DISTRICT COUNCIL,KOTA BELUD,SAP,HAJI ABDUL RASHID B. HAJI ARSAD,MALE,,976,WON,,26 NOV 1962,16 DEC 1962
1962KBDC5,KOTA BELUD DISTRICT COUNCIL,KOTA BELUD,INDEPENDENT,TEO LIAN SHING,,,482,LOST,,26 NOV 1962,16 DEC 1962
1962KBDC6,KOTA BELUD DISTRICT COUNCIL,KOTA BELUD,INDEPENDENT,CHOO HONG PIN,,,92,LOST,,26 NOV 1962,16 DEC 1962
1962KBDC7,KOTA BELUD DISTRICT COUNCIL,KOTA BELUD,SPOILT BALLOT PAPERS,,,,15,,,26 NOV 1962,16 DEC 1962
1962KBDC8,KOTA BELUD DISTRICT COUNCIL,KOTA BELUD,TOTAL BALLOTS ISSUED,,,,1565,,,26 NOV 1962,16 DEC 1962
1962KBDC9,KOTA BELUD DISTRICT COUNCIL,KOTA BELUD,TOTAL ELECTORATE,,,,1736,,,26 NOV 1962,16 DEC 1962
1962KBDC10,KOTA BELUD DISTRICT COUNCIL,KOTA BELUD,TURNOUT (%),,,,88.2,,,26 NOV 1962,16 DEC 1962
1962KBDC11,KOTA BELUD DISTRICT COUNCIL,TUDOH,SAP,MAKIT BIN JULAN,MALE,,,WON,Y,26 NOV 1962,UNCONTESTED
1962KBDC12,KOTA BELUD DISTRICT COUNCIL,KADATUAN,SAP,O.T. HAJI YASSIN B. SENONG,MALE,,,WON,Y,26 NOV 1962,UNCONTESTED
1962KBDC13,KOTA BELUD DISTRICT COUNCIL,KESAPONG,SAP,SOGON B. HAJI ABDUL RASHID,MALE,,,WON,Y,26 NOV 1962,UNCONTESTED
1962KBDC14,KOTA BELUD DISTRICT COUNCIL,KEDAMAIAN,SAP,CHIN NAM,MALE,,,WON,Y,26 NOV 1962,UNCONTESTED
1962KBDC15,KOTA BELUD DISTRICT COUNCIL,NUNOK,SAP,RANTIAN B. AWANG,MALE,,,WON,Y,26 NOV 1962,UNCONTESTED
1962KBDC16,KOTA BELUD DISTRICT COUNCIL,TAMU ASAM,SAP,HAJI ALIK B. SAPI,MALE,,,WON,Y,26 NOV 1962,UNCONTESTED
1962JRDC1,JESSELTON RURAL DISTRICT COUNCIL,TELIPOK,USNO,AH SIN ENGGUAH,MALE,,1065,WON,,26 NOV 1962,16 DEC 1962
1962JRDC2,JESSELTON RURAL DISTRICT COUNCIL,TELIPOK,PM,CHONG KAI MING,MALE,,659,LOST,,26 NOV 1962,16 DEC 1962
1962JRDC3,JESSELTON RURAL DISTRICT COUNCIL,TELIPOK,SPOILT BALLOT PAPERS,,,,40,,,26 NOV 1962,16 DEC 1962
1962JRDC4,JESSELTON RURAL DISTRICT COUNCIL,TELIPOK,TOTAL BALLOTS ISSUED,,,,1764,,,26 NOV 1962,16 DEC 1962
1962JRDC5,JESSELTON RURAL DISTRICT COUNCIL,TELIPOK,TOTAL ELECTORATE,,,,2157,,,26 NOV 1962,16 DEC 1962
1962JRDC6,JESSELTON RURAL DISTRICT COUNCIL,TELIPOK,TURNOUT (%),,,,81.4,,,26 NOV 1962,16 DEC 1962
1962JRDC7,JESSELTON RURAL DISTRICT COUNCIL,MENGGATAL,USNO,GANING BIN JANGKAT,MALE,,1203,WON,,26 NOV 1962,16 DEC 1962
1962JRDC8,JESSELTON RURAL DISTRICT COUNCIL,MENGGATAL,UNKO,STEPHEN TIBOK,MALE,,682,LOST,,26 NOV 1962,16 DEC 1962
1962JRDC9,JESSELTON RURAL DISTRICT COUNCIL,MENGGATAL,PM,CHAN TET HIN,,,663,LOST,,26 NOV 1962,16 DEC 1962
1962JRDC10,JESSELTON RURAL DISTRICT COUNCIL,MENGGATAL,SPOILT BALLOT PAPERS,,,,52,,,26 NOV 1962,16 DEC 1962
1962JRDC11,JESSELTON RURAL DISTRICT COUNCIL,MENGGATAL,TOTAL BALLOTS ISSUED,,,,2600,,,26 NOV 1962,16 DEC 1962
1962JRDC12,JESSELTON RURAL DISTRICT COUNCIL,MENGGATAL,TOTAL ELECTORATE,,,,2761,,,26 NOV 1962,16 DEC 1962
1962JRDC13,JESSELTON RURAL DISTRICT COUNCIL,MENGGATAL,TURNOUT (%),,,,94,,,26 NOV 1962,16 DEC 1962
1962JRDC14,JESSELTON RURAL DISTRICT COUNCIL,INANAM,UNKO,IGNATIUS PETER DAIN,MALE,,952,WON,,26 NOV 1962,16 DEC 1962
1962JRDC15,JESSELTON RURAL DISTRICT COUNCIL,INANAM,USNO,BAKAR BIN BOSOH,MALE,,628,LOST,,26 NOV 1962,16 DEC 1962
1962JRDC16,JESSELTON RURAL DISTRICT COUNCIL,INANAM,PM,KORING BIN BASILAN,MALE,,454,LOST,,26 NOV 1962,16 DEC 1962
1962JRDC17,JESSELTON RURAL DISTRICT COUNCIL,INANAM,SPOILT BALLOT PAPERS,,,,63,,,26 NOV 1962,16 DEC 1962
1962JRDC18,JESSELTON RURAL DISTRICT COUNCIL,INANAM,TOTAL BALLOTS ISSUED,,,,2097,,,26 NOV 1962,16 DEC 1962
1962JRDC19,JESSELTON RURAL DISTRICT COUNCIL,INANAM,TOTAL ELECTORATE,,,,2527,,,26 NOV 1962,16 DEC 1962
1962JRDC20,JESSELTON RURAL DISTRICT COUNCIL,INANAM,TURNOUT (%),,,,80.4,,,26 NOV 1962,16 DEC 1962
1962JRDC21,JESSELTON RURAL DISTRICT COUNCIL,INOBONG,UNKO,FREDERICK MAKAJIL,MALE,,,WON,Y,26 NOV 1962,UNCONTESTED
1962JRDC22,JESSELTON RURAL DISTRICT COUNCIL,PENAMPANG,UNKO,RICHARD E. YAP,MALE,,1357,WON,,26 NOV 1962,16 DEC 1962
1962JRDC23,JESSELTON RURAL DISTRICT COUNCIL,PENAMPANG,INDEPENDENT,MANSUET YAP,MALE,,449,LOST,,26 NOV 1962,16 DEC 1962
1962JRDC24,JESSELTON RURAL DISTRICT COUNCIL,PENAMPANG,PM,JIMBUN LEO SEGUNDAD,MALE,,23,LOST,,26 NOV 1962,16 DEC 1962
1962JRDC25,JESSELTON RURAL DISTRICT COUNCIL,PENAMPANG,SPOILT BALLOT PAPERS,,,,15,,,26 NOV 1962,16 DEC 1962
1962JRDC26,JESSELTON RURAL DISTRICT COUNCIL,PENAMPANG,TOTAL BALLOTS ISSUED,,,,1844,,,26 NOV 1962,16 DEC 1962
1962JRDC27,JESSELTON RURAL DISTRICT COUNCIL,PENAMPANG,TOTAL ELECTORATE,,,,2141,,,26 NOV 1962,16 DEC 1962
1962JRDC28,JESSELTON RURAL DISTRICT COUNCIL,PENAMPANG,TURNOUT (%),,,,85.4,,,26 NOV 1962,16 DEC 1962
1962JRDC29,JESSELTON RURAL DISTRICT COUNCIL,PUTATAN,INDEPENDENT,JOHNUT BUKA,MALE,,959,WON,,26 NOV 1962,16 DEC 1962
1962JRDC30,JESSELTON RURAL DISTRICT COUNCIL,PUTATAN,SAP,SAHARI ABDUL LATIP,MALE,,925,LOST,,26 NOV 1962,16 DEC 1962
1962JRDC31,JESSELTON RURAL DISTRICT COUNCIL,PUTATAN,SPOILT BALLOT PAPERS,,,,46,,,26 NOV 1962,16 DEC 1962
1962JRDC32,JESSELTON RURAL DISTRICT COUNCIL,PUTATAN,TOTAL BALLOTS ISSUED,,,,1930,,,26 NOV 1962,16 DEC 1962
1962JRDC33,JESSELTON RURAL DISTRICT COUNCIL,PUTATAN,TOTAL ELECTORATE,,,,2091,,,26 NOV 1962,16 DEC 1962
1962JRDC34,JESSELTON RURAL DISTRICT COUNCIL,PUTATAN,TURNOUT (%),,,,92.3,,,26 NOV 1962,16 DEC 1962
1962JRDC35,JESSELTON RURAL DISTRICT COUNCIL,RAMAYA,UNKO,SIKOPIT SIGANUL,MALE,,,WON,Y,26 NOV 1962,UNCONTESTED
1962JRDC36,JESSELTON RURAL DISTRICT COUNCIL,MOYOG,UNKO,MANUEL THANGIT,MALE,,203,WON,,26 NOV 1962,16 DEC 1962
1962JRDC37,JESSELTON RURAL DISTRICT COUNCIL,MOYOG,PM,JOHN YAGUT BIN GARU,MALE,,195,LOST,,26 NOV 1962,16 DEC 1962
1962JRDC38,JESSELTON RURAL DISTRICT COUNCIL,MOYOG,SPOILT BALLOT PAPERS,,,,1,,,26 NOV 1962,16 DEC 1962
1962JRDC39,JESSELTON RURAL DISTRICT COUNCIL,MOYOG,TOTAL BALLOTS ISSUED,,,,399,,,26 NOV 1962,16 DEC 1962
1962JRDC40,JESSELTON RURAL DISTRICT COUNCIL,MOYOG,TOTAL ELECTORATE,,,,449,,,26 NOV 1962,16 DEC 1962
1962JRDC41,JESSELTON RURAL DISTRICT COUNCIL,MOYOG,TURNOUT (%),,,,88.6,,,26 NOV 1962,16 DEC 1962
1962PDC1,PAPAR DISTRICT COUNCIL,BIAU,UNKO,KULIAN YAHYU,,,,WON,Y,26 NOV 1962,UNCONTESTED
1962PDC2,PAPAR DISTRICT COUNCIL,BENONI,SAP,HAJI NAYAN BIN HAJI DURAMAN,MALE,,1221,WON,,26 NOV 1962,16 DEC 1962
1962PDC3,PAPAR DISTRICT COUNCIL,BENONI,INDEPENDENT,PENGIRAN ABU BAKAR BIN HAJI PENGIRAN AHMAD,MALE,,405,LOST,,26 NOV 1962,16 DEC 1962
1962PDC4,PAPAR DISTRICT COUNCIL,BENONI,SPOILT BALLOT PAPERS,,,,0,,,26 NOV 1962,16 DEC 1962
1962PDC5,PAPAR DISTRICT COUNCIL,BENONI,TOTAL BALLOTS ISSUED,,,,1626,,,26 NOV 1962,16 DEC 1962
1962PDC6,PAPAR DISTRICT COUNCIL,BENONI,TOTAL ELECTORATE,,,,1815,,,26 NOV 1962,16 DEC 1962
1962PDC7,PAPAR DISTRICT COUNCIL,BENONI,TURNOUT (%),,,,92,,,26 NOV 1962,16 DEC 1962
1962PDC8,PAPAR DISTRICT COUNCIL,KAWANG,UNKO,WNCISLAUS ONDONG,MALE,,497,WON,,26 NOV 1962,16 DEC 1962
1962PDC9,PAPAR DISTRICT COUNCIL,KAWANG,USNO,AWANG HASHIM BIN SULAIMAN,MALE,,389,LOST,,26 NOV 1962,16 DEC 1962
1962PDC10,PAPAR DISTRICT COUNCIL,KAWANG,SPOILT BALLOT PAPERS,,,,24,,,26 NOV 1962,16 DEC 1962
1962PDC11,PAPAR DISTRICT COUNCIL,KAWANG,TOTAL BALLOTS ISSUED,,,,910,,,26 NOV 1962,16 DEC 1962
1962PDC12,PAPAR DISTRICT COUNCIL,KAWANG,TOTAL ELECTORATE,,,,1031,,,26 NOV 1962,16 DEC 1962
1962PDC13,PAPAR DISTRICT COUNCIL,KAWANG,TURNOUT (%),,,,88,,,26 NOV 1962,16 DEC 1962
1962PDC14,PAPAR DISTRICT COUNCIL,BONGAWAN,SAP,PENGIRAN AHMAD BEE BIN PENGIRAN PATERS,MALE,,1143,WON,,26 NOV 1962,16 DEC 1962
1962PDC15,PAPAR DISTRICT COUNCIL,BONGAWAN,INDEPENDENT,SIAW PHAN LOI,,,214,LOST,,26 NOV 1962,16 DEC 1962
1962PDC16,PAPAR DISTRICT COUNCIL,BONGAWAN,SPOILT BALLOT PAPERS,,,,43,,,26 NOV 1962,16 DEC 1962
1962PDC17,PAPAR DISTRICT COUNCIL,BONGAWAN,TOTAL BALLOTS ISSUED,,,,1400,,,26 NOV 1962,16 DEC 1962
1962PDC18,PAPAR DISTRICT COUNCIL,BONGAWAN,TOTAL ELECTORATE,,,,1629,,,26 NOV 1962,16 DEC 1962
1962PDC19,PAPAR DISTRICT COUNCIL,BONGAWAN,TURNOUT (%),,,,86,,,26 NOV 1962,16 DEC 1962
1962PDC20,PAPAR DISTRICT COUNCIL,KIMANIS,USNO,SAPRI BIN SULONG,MALE,,709,WON,,26 NOV 1962,16 DEC 1962
1962PDC21,PAPAR DISTRICT COUNCIL,KIMANIS,INDEPENDENT,ARSHAD BIN TAHA,MALE,,420,LOST,,26 NOV 1962,16 DEC 1962
1962PDC22,PAPAR DISTRICT COUNCIL,KIMANIS,SPOILT BALLOT PAPERS,,,,24,,,26 NOV 1962,16 DEC 1962
1962PDC23,PAPAR DISTRICT COUNCIL,KIMANIS,TOTAL BALLOTS ISSUED,,,,1153,,,26 NOV 1962,16 DEC 1962
1962PDC24,PAPAR DISTRICT COUNCIL,KIMANIS,TOTAL ELECTORATE,,,,1341,,,26 NOV 1962,16 DEC 1962
1962PDC25,PAPAR DISTRICT COUNCIL,KIMANIS,TURNOUT (%),,,,85,,,26 NOV 1962,16 DEC 1962
1962PDC26,PAPAR DISTRICT COUNCIL,KINARUT,INDEPENDENT,VALENTINE MOHUTTAL,,,535,WON,,26 NOV 1962,16 DEC 1962
1962PDC27,PAPAR DISTRICT COUNCIL,KINARUT,USNO,AWANG ABDILLAH BIN AWANGKI,MALE,,450,LOST,,26 NOV 1962,16 DEC 1962
1962PDC28,PAPAR DISTRICT COUNCIL,KINARUT,UNKO,NICHOLAS NAUN,MALE,,241,LOST,,26 NOV 1962,16 DEC 1962
1962PDC29,PAPAR DISTRICT COUNCIL,KINARUT,SPOILT BALLOT PAPERS,,,,36,,,26 NOV 1962,16 DEC 1962
1962PDC30,PAPAR DISTRICT COUNCIL,KINARUT,TOTAL BALLOTS ISSUED,,,,1262,,,26 NOV 1962,16 DEC 1962
1962PDC31,PAPAR DISTRICT COUNCIL,KINARUT,TOTAL ELECTORATE,,,,1383,,,26 NOV 1962,16 DEC 1962
1962PDC32,PAPAR DISTRICT COUNCIL,KINARUT,TURNOUT (%),,,,91,,,26 NOV 1962,16 DEC 1962
1962PDC33,PAPAR DISTRICT COUNCIL,PAPAR,UNKO,AMADEUS LEONG,,,934,WON,,26 NOV 1962,16 DEC 1962
1962PDC34,PAPAR DISTRICT COUNCIL,PAPAR,INDEPENDENT,CHONG LIM HON,,,545,LOST,,26 NOV 1962,16 DEC 1962
1962PDC35,PAPAR DISTRICT COUNCIL,PAPAR,SPOILT BALLOT PAPERS,,,,54,,,26 NOV 1962,16 DEC 1962
1962PDC36,PAPAR DISTRICT COUNCIL,PAPAR,TOTAL BALLOTS ISSUED,,,,1533,,,26 NOV 1962,16 DEC 1962
1962PDC37,PAPAR DISTRICT COUNCIL,PAPAR,TOTAL ELECTORATE,,,,1728,,,26 NOV 1962,16 DEC 1962
1962PDC38,PAPAR DISTRICT COUNCIL,PAPAR,TURNOUT (%),,,,88,,,26 NOV 1962,16 DEC 1962
1962PDC39,PAPAR DISTRICT COUNCIL,PENGALAT,SAP,PENGIRAN MOHAMED TAHIR BIN PENGIRAN PATERS,MALE,,,WON,Y,26 NOV 1962,UNCONTESTED
1962BDC1,BEAUFORT DISTRICT COUNCIL,WESTON,INDEPENDENT,MOKHTAR BIN HAJI AHMED,MALE,,,WON,Y,26 NOV 1962,UNCONTESTED
1962BDC2,BEAUFORT DISTRICT COUNCIL,BEAUFORT WEST,USNO,MOHAMED DUN BIN BANIR,MALE,,789,WON,,26 NOV 1962,16 DEC 1962
1962BDC3,BEAUFORT DISTRICT COUNCIL,BEAUFORT WEST,INDEPENDENT,HAJI MOKSIN BIN CHUCHU,MALE,,564,LOST,,26 NOV 1962,16 DEC 1962
1962BDC4,BEAUFORT DISTRICT COUNCIL,BEAUFORT WEST,SPOILT BALLOT PAPERS,,,,55,,,26 NOV 1962,16 DEC 1962
1962BDC5,BEAUFORT DISTRICT COUNCIL,BEAUFORT WEST,TOTAL BALLOTS ISSUED,,,,1408,,,26 NOV 1962,16 DEC 1962
1962BDC6,BEAUFORT DISTRICT COUNCIL,BEAUFORT WEST,TOTAL ELECTORATE,,,,1601,,,26 NOV 1962,16 DEC 1962
1962BDC7,BEAUFORT DISTRICT COUNCIL,BEAUFORT WEST,TURNOUT (%),,,,84.4,,,26 NOV 1962,16 DEC 1962
1962BDC8,BEAUFORT DISTRICT COUNCIL,MEMBAKUT NORTH,PM,O.K.K. ANSIM DULAU BIN TAGGANG,MALE,,193,WON,,26 NOV 1962,16 DEC 1962
1962BDC9,BEAUFORT DISTRICT COUNCIL,MEMBAKUT NORTH,UNKO,JOSEPH BINSIN MASU,MALE,,136,LOST,,26 NOV 1962,16 DEC 1962
1962BDC10,BEAUFORT DISTRICT COUNCIL,MEMBAKUT NORTH,INDEPENDENT,AWANG ANAK BIN O.T. HAJI AWANG RAMLEE,MALE,,135,LOST,,26 NOV 1962,16 DEC 1962
1962BDC11,BEAUFORT DISTRICT COUNCIL,MEMBAKUT NORTH,USNO,HAJI ABDUL RAHMAN,MALE,,81,LOST,,26 NOV 1962,16 DEC 1962
1962BDC12,BEAUFORT DISTRICT COUNCIL,MEMBAKUT NORTH,SPOILT BALLOT PAPERS,,,,35,,,26 NOV 1962,16 DEC 1962
1962BDC13,BEAUFORT DISTRICT COUNCIL,MEMBAKUT NORTH,TOTAL BALLOTS ISSUED,,,,580,,,26 NOV 1962,16 DEC 1962
1962BDC14,BEAUFORT DISTRICT COUNCIL,MEMBAKUT NORTH,TOTAL ELECTORATE,,,,676,,,26 NOV 1962,16 DEC 1962
1962BDC15,BEAUFORT DISTRICT COUNCIL,MEMBAKUT NORTH,TURNOUT (%),,,,80.6,,,26 NOV 1962,16 DEC 1962
1962BDC16,BEAUFORT DISTRICT COUNCIL,PIMPING,USNO,O.T. MOHAMED YACOB BIN MUMIN,MALE,,529,WON,,26 NOV 1962,16 DEC 1962
1962BDC17,BEAUFORT DISTRICT COUNCIL,PIMPING,INDEPENDENT,PENGIRAN HAJI ABDUL RAZAK BIN PENGIRAN HAJI DAMIT,MALE,,121,LOST,,26 NOV 1962,16 DEC 1962
1962BDC18,BEAUFORT DISTRICT COUNCIL,PIMPING,SPOILT BALLOT PAPERS,,,,59,,,26 NOV 1962,16 DEC 1962
1962BDC19,BEAUFORT DISTRICT COUNCIL,PIMPING,TOTAL BALLOTS ISSUED,,,,709,,,26 NOV 1962,16 DEC 1962
1962BDC20,BEAUFORT DISTRICT COUNCIL,PIMPING,TOTAL ELECTORATE,,,,989,,,26 NOV 1962,16 DEC 1962
1962BDC21,BEAUFORT DISTRICT COUNCIL,PIMPING,TURNOUT (%),,,,65.7,,,26 NOV 1962,16 DEC 1962
1962BDC22,BEAUFORT DISTRICT COUNCIL,PADAS DAMIT,USNO,HAJI YAKUB BIN O.K.K. HAJI TAKI,MALE,,622,WON,,26 NOV 1962,16 DEC 1962
1962BDC23,BEAUFORT DISTRICT COUNCIL,PADAS DAMIT,PM,HAJI ASNEH BIN HASSAN,MALE,,346,LOST,,26 NOV 1962,16 DEC 1962
1962BDC24,BEAUFORT DISTRICT COUNCIL,PADAS DAMIT,SPOILT BALLOT PAPERS,,,,88,,,26 NOV 1962,16 DEC 1962
1962BDC25,BEAUFORT DISTRICT COUNCIL,PADAS DAMIT,TOTAL BALLOTS ISSUED,,,,1056,,,26 NOV 1962,16 DEC 1962
1962BDC26,BEAUFORT DISTRICT COUNCIL,PADAS DAMIT,TOTAL ELECTORATE,,,,1219,,,26 NOV 1962,16 DEC 1962
1962BDC27,BEAUFORT DISTRICT COUNCIL,PADAS DAMIT,TURNOUT (%),,,,79.4,,,26 NOV 1962,16 DEC 1962
1962BDC28,BEAUFORT DISTRICT COUNCIL,KOTA KLIAS,USNO,MOHOMED BIN MOHOMED JAHAM,MALE,,413,WON,,26 NOV 1962,16 DEC 1962
1962BDC29,BEAUFORT DISTRICT COUNCIL,KOTA KLIAS,PM,ABDUL MURAD BIN HAJI AWANG BESAR,MALE,,297,,,26 NOV 1962,16 DEC 1962
1962BDC30,BEAUFORT DISTRICT COUNCIL,KOTA KLIAS,SPOILT BALLOT PAPERS,,,,27,,,26 NOV 1962,16 DEC 1962
1962BDC31,BEAUFORT DISTRICT COUNCIL,KOTA KLIAS,TOTAL BALLOTS ISSUED,,,,737,,,26 NOV 1962,16 DEC 1962
1962BDC32,BEAUFORT DISTRICT COUNCIL,KOTA KLIAS,TOTAL ELECTORATE,,,,801,,,26 NOV 1962,16 DEC 1962
1962BDC33,BEAUFORT DISTRICT COUNCIL,KOTA KLIAS,TURNOUT (%),,,,88.6,,,26 NOV 1962,16 DEC 1962
1962BDC34,BEAUFORT DISTRICT COUNCIL,BEAUFORT SOUTH,INDEPENDENT,MICHAEL WONG EH SENG,MALE,,,WON,Y,26 NOV 1962,UNCONTESTED
1962BDC35,BEAUFORT DISTRICT COUNCIL,MEMBAKUT,INDEPENDENT,TAY TING SIONG,,,279,WON,,26 NOV 1962,16 DEC 1962
1962BDC36,BEAUFORT DISTRICT COUNCIL,MEMBAKUT,UNKO,HAJI IBRAHIM BIN RASULKHAN,MALE,,252,LOST,,26 NOV 1962,16 DEC 1962
1962BDC37,BEAUFORT DISTRICT COUNCIL,MEMBAKUT,INDEPENDENT,TEO GEOK BEE,,,113,LOST,,26 NOV 1962,16 DEC 1962
1962BDC38,BEAUFORT DISTRICT COUNCIL,MEMBAKUT,USNO,BAB SINGH,MALE,,102,LOST,,26 NOV 1962,16 DEC 1962
1962BDC39,BEAUFORT DISTRICT COUNCIL,MEMBAKUT,INDEPENDENT,HASSAN GULL BIN HAJI KALIS KHAN,MALE,,4,LOST,,26 NOV 1962,16 DEC 1962
1962BDC40,BEAUFORT DISTRICT COUNCIL,MEMBAKUT,SPOILT BALLOT PAPERS,,,,25,,,26 NOV 1962,16 DEC 1962
1962BDC41,BEAUFORT DISTRICT COUNCIL,MEMBAKUT,TOTAL BALLOTS ISSUED,,,,775,,,26 NOV 1962,16 DEC 1962
1962BDC42,BEAUFORT DISTRICT COUNCIL,MEMBAKUT,TOTAL ELECTORATE,,,,959,,,26 NOV 1962,16 DEC 1962
1962BDC43,BEAUFORT DISTRICT COUNCIL,MEMBAKUT,TURNOUT (%),,,,78.2,,,26 NOV 1962,16 DEC 1962
1962BDC44,BEAUFORT DISTRICT COUNCIL,BEAUFORT EAST,INDEPENDENT,STANLEY HO NGUN KHIU,MALE,,,WON,Y,26 NOV 1962,UNCONTESTED
1962TDC1,TENOM DISTRICT COUNCIL,KEMABONG,SAP,TING KALOR BIN LAMPAG,MALE,,991,WON,,26 NOV 1962,16 DEC 1962
1962TDC2,TENOM DISTRICT COUNCIL,KEMABONG,INDEPENDENT,LO HON CHEONG,MALE,,95,LOST,,26 NOV 1962,16 DEC 1962
1962TDC3,TENOM DISTRICT COUNCIL,KEMABONG,SPOILT BALLOT PAPERS,,,,75,,,26 NOV 1962,16 DEC 1962
1962TDC4,TENOM DISTRICT COUNCIL,KEMABONG,TOTAL BALLOTS ISSUED,,,,1161,,,26 NOV 1962,16 DEC 1962
1962TDC5,TENOM DISTRICT COUNCIL,KEMABONG,TOTAL ELECTORATE,,,,1508,,,26 NOV 1962,16 DEC 1962
1962TDC6,TENOM DISTRICT COUNCIL,KEMABONG,TURNOUT (%),,,,72,,,26 NOV 1962,16 DEC 1962
1962TDC7,TENOM DISTRICT COUNCIL,PA'AL,SAP,NG CHAI TEO,MALE,,,WON,Y,26 NOV 1962,UNCONTESTED
1962TDC8,TENOM DISTRICT COUNCIL,SAGA,SAP,SANI B. PUASA,MALE,,,WON,Y,26 NOV 1962,UNCONTESTED
1962TDC9,TENOM DISTRICT COUNCIL,TENOM LAMA,SAP,M.D. JATI B. MATOSIN,MALE,,,WON,Y,26 NOV 1962,UNCONTESTED
1962TDC10,TENOM DISTRICT COUNCIL,TENOM URBAN,SAP,CHIEW VUI KIET,,,540,WON,,26 NOV 1962,16 DEC 1962
1962TDC11,TENOM DISTRICT COUNCIL,TENOM URBAN,DP,TAY MING KOON,,,69,LOST,,26 NOV 1962,16 DEC 1962
1962TDC12,TENOM DISTRICT COUNCIL,TENOM URBAN,SPOILT BALLOT PAPERS,,,,26,,,26 NOV 1962,16 DEC 1962
1962TDC13,TENOM DISTRICT COUNCIL,TENOM URBAN,TOTAL BALLOTS ISSUED,,,,635,,,26 NOV 1962,16 DEC 1962
1962TDC14,TENOM DISTRICT COUNCIL,TENOM URBAN,TOTAL ELECTORATE,,,,765,,,26 NOV 1962,16 DEC 1962
1962TDC15,TENOM DISTRICT COUNCIL,TENOM URBAN,TURNOUT (%),,,,79.6,,,26 NOV 1962,16 DEC 1962
1962TDC16,TENOM DISTRICT COUNCIL,TENOM NORTH,SAP,TSEN LOI FATT,,,718,WON,,26 NOV 1962,16 DEC 1962
1962TDC17,TENOM DISTRICT COUNCIL,TENOM NORTH,USNO,MANSIGAR BIN MAKINGTAI,MALE,,123,LOST,,26 NOV 1962,16 DEC 1962
1962TDC18,TENOM DISTRICT COUNCIL,TENOM NORTH,INDEPENDENT,SIT KAU,,,6,LOST,,26 NOV 1962,16 DEC 1962
1962TDC19,TENOM DISTRICT COUNCIL,TENOM NORTH,SPOILT BALLOT PAPERS,,,,2,,,26 NOV 1962,16 DEC 1962
1962TDC20,TENOM DISTRICT COUNCIL,TENOM NORTH,TOTAL BALLOTS ISSUED,,,,849,,,26 NOV 1962,16 DEC 1962
1962TDC21,TENOM DISTRICT COUNCIL,TENOM NORTH,TOTAL ELECTORATE,,,,943,,,26 NOV 1962,16 DEC 1962
1962TDC22,TENOM DISTRICT COUNCIL,TENOM NORTH,TURNOUT (%),,,,89.8,,,26 NOV 1962,16 DEC 1962
1962TDC23,TENOM DISTRICT COUNCIL,MELALAP,SAP,O.T. SUNGGIM B. BUNGKALAD,MALE,,621,WON,,26 NOV 1962,16 DEC 1962
1962TDC24,TENOM DISTRICT COUNCIL,MELALAP,INDEPENDENT,AHMAD B. AWANG RAHMAN,MALE,,112,LOST,,26 NOV 1962,16 DEC 1962
1962TDC25,TENOM DISTRICT COUNCIL,MELALAP,SPOILT BALLOT PAPERS,,,,45,,,26 NOV 1962,16 DEC 1962
1962TDC26,TENOM DISTRICT COUNCIL,MELALAP,TOTAL BALLOTS ISSUED,,,,778,,,26 NOV 1962,16 DEC 1962
1962TDC27,TENOM DISTRICT COUNCIL,MELALAP,TOTAL ELECTORATE,,,,875,,,26 NOV 1962,16 DEC 1962
1962TDC28,TENOM DISTRICT COUNCIL,MELALAP,TURNOUT (%),,,,83.7,,,26 NOV 1962,16 DEC 1962
1962KEDC1,KENINGAU DISTRICT COUNCIL,DALIT,UNKO,ALFRED ANGIN AMBALAU,MALE,,,WON,Y,26 NOV 1962,UNCONTESTED
1962KEDC2,KENINGAU DISTRICT COUNCIL,TULID,PM,ABIN B. GINDAM,MALE,,,WON,,26 NOV 1962,16 DEC 1962
1962KEDC3,KENINGAU DISTRICT COUNCIL,TULID,UNKO,BASOG SIMBUT,,,,NO INFORMATION,,26 NOV 1962,16 DEC 1962
1962KEDC4,KENINGAU DISTRICT COUNCIL,TULID,SPOILT BALLOT PAPERS,,,,,,,26 NOV 1962,16 DEC 1962
1962KEDC5,KENINGAU DISTRICT COUNCIL,TULID,TOTAL BALLOTS ISSUED,,,,,,,26 NOV 1962,16 DEC 1962
1962KEDC6,KENINGAU DISTRICT COUNCIL,TULID,TOTAL ELECTORATE,,,,,,,26 NOV 1962,16 DEC 1962
1962KEDC7,KENINGAU DISTRICT COUNCIL,TULID,TURNOUT (%),,,,,,,26 NOV 1962,16 DEC 1962
1962KEDC8,KENINGAU DISTRICT COUNCIL,APIN-APIN,UNKO,UNDAN B. ANDULAG,MALE,,579,WON,,26 NOV 1962,16 DEC 1962
1962KEDC9,KENINGAU DISTRICT COUNCIL,APIN-APIN,PM,KAPIT BIN GUMBIAS,MALE,,69,LOST,,26 NOV 1962,16 DEC 1962
1962KEDC10,KENINGAU DISTRICT COUNCIL,APIN-APIN,SPOILT BALLOT PAPERS,,,,14,,,26 NOV 1962,16 DEC 1962
1962KEDC11,KENINGAU DISTRICT COUNCIL,APIN-APIN,TOTAL BALLOTS ISSUED,,,,662,,,26 NOV 1962,16 DEC 1962
1962KEDC12,KENINGAU DISTRICT COUNCIL,APIN-APIN,TOTAL ELECTORATE,,,,782,,,26 NOV 1962,16 DEC 1962
1962KEDC13,KENINGAU DISTRICT COUNCIL,APIN-APIN,TURNOUT (%),,,,83,,,26 NOV 1962,16 DEC 1962
1962KEDC14,KENINGAU DISTRICT COUNCIL,KENINGAU URBAN,INDEPENDENT,CHU SHIN KEE,,,172,WON,,26 NOV 1962,16 DEC 1962
1962KEDC15,KENINGAU DISTRICT COUNCIL,KENINGAU URBAN,SAP,CHIA YAU LEONG,,,159,LOST,,26 NOV 1962,16 DEC 1962
1962KEDC16,KENINGAU DISTRICT COUNCIL,KENINGAU URBAN,SPOILT BALLOT PAPERS,,,,8,,,26 NOV 1962,16 DEC 1962
1962KEDC17,KENINGAU DISTRICT COUNCIL,KENINGAU URBAN,TOTAL BALLOTS ISSUED,,,,339,,,26 NOV 1962,16 DEC 1962
1962KEDC18,KENINGAU DISTRICT COUNCIL,KENINGAU URBAN,TOTAL ELECTORATE,,,,421,,,26 NOV 1962,16 DEC 1962
1962KEDC19,KENINGAU DISTRICT COUNCIL,KENINGAU URBAN,TURNOUT (%),,,,78.6,,,26 NOV 1962,16 DEC 1962
1962KEDC20,KENINGAU DISTRICT COUNCIL,KENINGAU NORTH,PM,O.K.K. SUNDANG BIN GUNSANAD,MALE,,607,WON,,26 NOV 1962,16 DEC 1962
1962KEDC21,KENINGAU DISTRICT COUNCIL,KENINGAU NORTH,UNKO,ANGIAN BIN ANDULAG,MALE,,183,LOST,,26 NOV 1962,16 DEC 1962
1962KEDC22,KENINGAU DISTRICT COUNCIL,KENINGAU NORTH,SPOILT BALLOT PAPERS,,,,51,,,26 NOV 1962,16 DEC 1962
1962KEDC23,KENINGAU DISTRICT COUNCIL,KENINGAU NORTH,TOTAL BALLOTS ISSUED,,,,841,,,26 NOV 1962,16 DEC 1962
1962KEDC24,KENINGAU DISTRICT COUNCIL,KENINGAU NORTH,TOTAL ELECTORATE,,,,959,,,26 NOV 1962,16 DEC 1962
1962KEDC25,KENINGAU DISTRICT COUNCIL,KENINGAU NORTH,TURNOUT (%),,,,81.3,,,26 NOV 1962,16 DEC 1962
1962KEDC26,KENINGAU DISTRICT COUNCIL,KENINGAU SOUTH,PM,LAKAI BIN SUNDAYAK,MALE,,564,WON,,26 NOV 1962,16 DEC 1962
1962KEDC27,KENINGAU DISTRICT COUNCIL,KENINGAU SOUTH,USNO,MOHD. ARSHAD BIN ABDUL RAHIM,MALE,,497,LOST,,26 NOV 1962,16 DEC 1962
1962KEDC28,KENINGAU DISTRICT COUNCIL,KENINGAU SOUTH,SPOILT BALLOT PAPERS,,,,9,,,26 NOV 1962,16 DEC 1962
1962KEDC29,KENINGAU DISTRICT COUNCIL,KENINGAU SOUTH,TOTAL BALLOTS ISSUED,,,,1070,,,26 NOV 1962,16 DEC 1962
1962KEDC30,KENINGAU DISTRICT COUNCIL,KENINGAU SOUTH,TOTAL ELECTORATE,,,,1301,,,26 NOV 1962,16 DEC 1962
1962KEDC31,KENINGAU DISTRICT COUNCIL,KENINGAU SOUTH,TURNOUT (%),,,,81.5,,,26 NOV 1962,16 DEC 1962
1962KEDC32,KENINGAU DISTRICT COUNCIL,BINGKOR EAST,UNKO,INTANG BIN TIMPONGO,MALE,,196,WON,,26 NOV 1962,16 DEC 1962
1962KEDC33,KENINGAU DISTRICT COUNCIL,BINGKOR EAST,PM,MADAN BIN KIAU,MALE,,52,LOST,,26 NOV 1962,16 DEC 1962
1962KEDC34,KENINGAU DISTRICT COUNCIL,BINGKOR EAST,SPOILT BALLOT PAPERS,,,,6,,,26 NOV 1962,16 DEC 1962
1962KEDC35,KENINGAU DISTRICT COUNCIL,BINGKOR EAST,TOTAL BALLOTS ISSUED,,,,254,,,26 NOV 1962,16 DEC 1962
1962KEDC36,KENINGAU DISTRICT COUNCIL,BINGKOR EAST,TOTAL ELECTORATE,,,,304,,,26 NOV 1962,16 DEC 1962
1962KEDC37,KENINGAU DISTRICT COUNCIL,BINGKOR EAST,TURNOUT (%),,,,83.8,,,26 NOV 1962,16 DEC 1962
1962KEDC38,KENINGAU DISTRICT COUNCIL,BINGKOR WEST,UNKO,MOHD. ARIF SALLEH,MALE,,897,WON,,26 NOV 1962,16 DEC 1962
1962KEDC39,KENINGAU DISTRICT COUNCIL,BINGKOR WEST,PM,EDMUND JAIMI BIN GUNSANAD,MALE,,730,LOST,,26 NOV 1962,16 DEC 1962
1962KEDC40,KENINGAU DISTRICT COUNCIL,BINGKOR WEST,SPOILT BALLOT PAPERS,,,,29,,,26 NOV 1962,16 DEC 1962
1962KEDC41,KENINGAU DISTRICT COUNCIL,BINGKOR WEST,TOTAL BALLOTS ISSUED,,,,1656,,,26 NOV 1962,16 DEC 1962
1962KEDC42,KENINGAU DISTRICT COUNCIL,BINGKOR WEST,TOTAL ELECTORATE,,,,1821,,,26 NOV 1962,16 DEC 1962
1962KEDC43,KENINGAU DISTRICT COUNCIL,BINGKOR WEST,TURNOUT (%),,,,89,,,26 NOV 1962,16 DEC 1962
1962LDDC1,LAHAD DATU DISTRICT COUNCIL,LAHAD DATU,SAP,TAN PIAK HONG,,,694,WON,,26 NOV 1962,16 DEC 1962
1962LDDC2,LAHAD DATU DISTRICT COUNCIL,LAHAD DATU,INDEPENDENT,MANGKU ATOR,,,164,LOST,,26 NOV 1962,16 DEC 1962
1962LDDC3,LAHAD DATU DISTRICT COUNCIL,LAHAD DATU,SPOILT BALLOT PAPERS,,,,15,,,26 NOV 1962,16 DEC 1962
1962LDDC4,LAHAD DATU DISTRICT COUNCIL,LAHAD DATU,TOTAL BALLOTS ISSUED,,,,873,,,26 NOV 1962,16 DEC 1962
1962LDDC5,LAHAD DATU DISTRICT COUNCIL,LAHAD DATU,TOTAL ELECTORATE,,,,1163,,,26 NOV 1962,16 DEC 1962
1962LDDC6,LAHAD DATU DISTRICT COUNCIL,LAHAD DATU,TURNOUT (%),,,,70,,,26 NOV 1962,16 DEC 1962
1962LDDC7,LAHAD DATU DISTRICT COUNCIL,SEGAMA,UNKO,BAMBI BIN UNGAP,MALE,,639,WON,,26 NOV 1962,16 DEC 1962
1962LDDC8,LAHAD DATU DISTRICT COUNCIL,SEGAMA,SAP,ALI PATAIL,MALE,,354,LOST,,26 NOV 1962,16 DEC 1962
1962LDDC9,LAHAD DATU DISTRICT COUNCIL,SEGAMA,SPOILT BALLOT PAPERS,,,,44,,,26 NOV 1962,16 DEC 1962
1962LDDC10,LAHAD DATU DISTRICT COUNCIL,SEGAMA,TOTAL BALLOTS ISSUED,,,,1037,,,26 NOV 1962,16 DEC 1962
1962LDDC11,LAHAD DATU DISTRICT COUNCIL,SEGAMA,TOTAL ELECTORATE,,,,1267,,,26 NOV 1962,16 DEC 1962
1962LDDC12,LAHAD DATU DISTRICT COUNCIL,SEGAMA,TURNOUT (%),,,,78,,,26 NOV 1962,16 DEC 1962
1962LDDC13,LAHAD DATU DISTRICT COUNCIL,TUNGKU,INDEPENDENT,GUDANG BIN SIMON,MALE,,239,WON,,26 NOV 1962,16 DEC 1962
1962LDDC14,LAHAD DATU DISTRICT COUNCIL,TUNGKU,SAP,AMSANI BIN ALIBASAH,MALE,,206,LOST,,26 NOV 1962,16 DEC 1962
1962LDDC15,LAHAD DATU DISTRICT COUNCIL,TUNGKU,INDEPENDENT,CHUA KIAN LOONG,,,85,LOST,,26 NOV 1962,16 DEC 1962
1962LDDC16,LAHAD DATU DISTRICT COUNCIL,TUNGKU,SPOILT BALLOT PAPERS,,,,10,,,26 NOV 1962,16 DEC 1962
1962LDDC17,LAHAD DATU DISTRICT COUNCIL,TUNGKU,TOTAL BALLOTS ISSUED,,,,540,,,26 NOV 1962,16 DEC 1962
1962LDDC18,LAHAD DATU DISTRICT COUNCIL,TUNGKU,TOTAL ELECTORATE,,,,608,,,26 NOV 1962,16 DEC 1962
1962LDDC19,LAHAD DATU DISTRICT COUNCIL,TUNGKU,TURNOUT (%),,,,88,,,26 NOV 1962,16 DEC 1962
1962LDDC20,LAHAD DATU DISTRICT COUNCIL,BAKAPIT-TENGAH NIPAH,SAP,NG PAK CHUEN,,,,WON,Y,26 NOV 1962,UNCONTESTED
1962LDDC21,LAHAD DATU DISTRICT COUNCIL,MOSTYN-KALUMPANG,SAP,WILLIAM HUNG TEN NYUK,,,,WON,Y,26 NOV 1962,UNCONTESTED
1962LDDC22,LAHAD DATU DISTRICT COUNCIL,DARVEL,USNO,JAINAL BIN GUNONG,MALE,,429,WON,,26 NOV 1962,16 DEC 1962
1962LDDC23,LAHAD DATU DISTRICT COUNCIL,DARVEL,INDEPENDENT,AMBROSE TOUJOH,MALE,,173,LOST,,26 NOV 1962,16 DEC 1962
1962LDDC24,LAHAD DATU DISTRICT COUNCIL,DARVEL,SPOILT BALLOT PAPERS,,,,22,,,26 NOV 1962,16 DEC 1962
1962LDDC25,LAHAD DATU DISTRICT COUNCIL,DARVEL,TOTAL BALLOTS ISSUED,,,,624,,,26 NOV 1962,16 DEC 1962
1962LDDC26,LAHAD DATU DISTRICT COUNCIL,DARVEL,TOTAL ELECTORATE,,,,907,,,26 NOV 1962,16 DEC 1962
1962LDDC27,LAHAD DATU DISTRICT COUNCIL,DARVEL,TURNOUT (%),,,,67,,,26 NOV 1962,16 DEC 1962
1962SDC1,SEMPORNA DISTRICT COUNCIL,BAIT,INDEPENDENT,ALIBASA BIN BASARA,MALE,,378,WON,,26 NOV 1962,16 DEC 1962
1962SDC2,SEMPORNA DISTRICT COUNCIL,BAIT,INDEPENDENT,O.T. PENGLIMA AWANG BIN PENGLIMA TARANG,MALE,,317,LOST,,26 NOV 1962,16 DEC 1962
1962SDC3,SEMPORNA DISTRICT COUNCIL,BAIT,SPOILT BALLOT PAPERS,,,,31,,,26 NOV 1962,16 DEC 1962
1962SDC4,SEMPORNA DISTRICT COUNCIL,BAIT,TOTAL BALLOTS ISSUED,,,,726,,,26 NOV 1962,16 DEC 1962
1962SDC5,SEMPORNA DISTRICT COUNCIL,BAIT,TOTAL ELECTORATE,,,,967,,,26 NOV 1962,16 DEC 1962
1962SDC6,SEMPORNA DISTRICT COUNCIL,BAIT,TURNOUT (%),,,,71.9,,,26 NOV 1962,16 DEC 1962
1962SDC7,SEMPORNA DISTRICT COUNCIL,BUBUL,INDEPENDENT,ANDONG BIN LANGPAD,MALE,,449,WON,,26 NOV 1962,16 DEC 1962
1962SDC8,SEMPORNA DISTRICT COUNCIL,BUBUL,INDEPENDENT,KOH KWANG HAN,,,184,LOST,,26 NOV 1962,16 DEC 1962
1962SDC9,SEMPORNA DISTRICT COUNCIL,BUBUL,SPOILT BALLOT PAPERS,,,,24,,,26 NOV 1962,16 DEC 1962
1962SDC10,SEMPORNA DISTRICT COUNCIL,BUBUL,TOTAL BALLOTS ISSUED,,,,657,,,26 NOV 1962,16 DEC 1962
1962SDC11,SEMPORNA DISTRICT COUNCIL,BUBUL,TOTAL ELECTORATE,,,,849,,,26 NOV 1962,16 DEC 1962
1962SDC12,SEMPORNA DISTRICT COUNCIL,BUBUL,TURNOUT (%),,,,74.5,,,26 NOV 1962,16 DEC 1962
1962SDC13,SEMPORNA DISTRICT COUNCIL,BUM BUM EAST,INDEPENDENT,LAMBAI BIN BAHULAK,MALE,,,WON,Y,26 NOV 1962,UNCONTESTED
1962SDC14,SEMPORNA DISTRICT COUNCIL,BUM BUM SOUTH,USNO,S. ABDILLAH BIN SAID,MALE,,,WON,Y,26 NOV 1962,UNCONTESTED
1962SDC15,SEMPORNA DISTRICT COUNCIL,BUM BUM NORTH,INDEPENDENT,O.T. HAJI MOHD. ABUBAKAR BIN HAJI HASSAN,MALE,,,WON,Y,26 NOV 1962,UNCONTESTED
1962SDC16,SEMPORNA DISTRICT COUNCIL,LAWA,USNO,O.T. MOHAMMED DARA BIN LANGPAD,MALE,,,WON,Y,26 NOV 1962,UNCONTESTED
1962SDC17,SEMPORNA DISTRICT COUNCIL,PULAU TIGA,INDEPENDENT,O.T. HAJI MOHD. ALI BIN SAKATI,MALE,,,WON,Y,26 NOV 1962,UNCONTESTED
1962SDC18,SEMPORNA DISTRICT COUNCIL,SEMPORNA TOWN,INDEPENDENT,PUA DIN KOK,,,,WON,Y,26 NOV 1962,UNCONTESTED
1962RDC1,RANAU DISTRICT COUNCIL,(MISSING INFORMATION),,,,,,,,,
1962TADC1,TAMBUNAN DISTRICT COUNCIL,TAMBUNAN KINABAAN,,,,,,,,,
1962TADC2,TAMBUNAN DISTRICT COUNCIL,TAMBUNAN SOUTH,,,,,,,,,
1962TADC3,TAMBUNAN DISTRICT COUNCIL,TAMBUNAN TOBOH,,,,,,,,,
1962TADC4,TAMBUNAN DISTRICT COUNCIL,TAMBUNAN CENTRAL,,,,,,,,,
1962TADC5,TAMBUNAN DISTRICT COUNCIL,TAMBUNAN NORTH,,,,,,,,,
1962TADC6,TAMBUNAN DISTRICT COUNCIL,TAMBUNAN NORTHEAST,,,,,,,,,
1962KPDC1,KUALA PENYU DISTRICT COUNCIL,(MISSING INFORMATION),,,,,,,,,
1962SIDC1,SIPITANG DISTRICT COUNCIL,(MISSING INFORMATION),,,,,,,,,